{"cameraMode":{"drawMode":0,"name":"Shaded","section":"Shading Mode"},"sceneLighting":true,"audioPlay":false,"sceneViewState":{"m_AlwaysRefresh":false,"showFog":true,"showSkybox":true,"showFlares":true,"showImageEffects":true,"showParticleSystems":true,"showVisualEffectGraphs":true,"m_FxEnabled":true},"in2DMode":false,"pivot":{"x":18.431062698364259,"y":-13.772102355957032,"z":32.887237548828128},"rotation":{"x":0.5079489350318909,"y":-0.004901496693491936,"z":0.0028886571526527406,"w":0.8613725900650024},"size":47.04612350463867,"orthographic":true}