{"cameraMode":{"drawMode":0,"name":"Shaded","section":"Shading Mode"},"sceneLighting":true,"audioPlay":false,"sceneViewState":{"m_AlwaysRefresh":false,"showFog":true,"showSkybox":true,"showFlares":true,"showImageEffects":true,"showParticleSystems":true,"showVisualEffectGraphs":true,"m_FxEnabled":true},"in2DMode":false,"pivot":{"x":5.233983039855957,"y":3.011904001235962,"z":1.9268454313278199},"rotation":{"x":0.146758571267128,"y":-0.016013644635677339,"z":0.002374612959101796,"w":0.9890446066856384},"size":0.8660253882408142,"orthographic":true}